{"cameraMode":{"drawMode":0,"name":"Shaded","section":"Shading Mode"},"sceneLighting":true,"audioPlay":false,"sceneViewState":{"m_AlwaysRefresh":false,"showFog":true,"showSkybox":true,"showFlares":true,"showImageEffects":true,"showParticleSystems":true,"showVisualEffectGraphs":true,"m_FxEnabled":true},"in2DMode":false,"pivot":{"x":0.016087492927908899,"y":0.009788243100047112,"z":6.000389575958252},"rotation":{"x":-0.554959774017334,"y":-0.0007515670149587095,"z":0.0004993905895389617,"w":-0.831885814666748},"size":27.260963439941408,"orthographic":false}